catalogNumber,identifier
4409411,https://api.naturemapr.org/api/sightings/4409411/images/1
4409410,https://api.naturemapr.org/api/sightings/4409410/images/1
4409409,https://api.naturemapr.org/api/sightings/4409409/images/1
4409405,https://api.naturemapr.org/api/sightings/4409405/images/1
4409446,https://api.naturemapr.org/api/sightings/4409446/images/1
4409440,https://api.naturemapr.org/api/sightings/4409440/images/1
4409205,https://api.naturemapr.org/api/sightings/4409205/images/1
4409206,https://api.naturemapr.org/api/sightings/4409206/images/1
4409203,https://api.naturemapr.org/api/sightings/4409203/images/1
4409260,https://api.naturemapr.org/api/sightings/4409260/images/1
4409162,https://api.naturemapr.org/api/sightings/4409162/images/1
4409213,https://api.naturemapr.org/api/sightings/4409213/images/1
4409187,https://api.naturemapr.org/api/sightings/4409187/images/1
4409185,https://api.naturemapr.org/api/sightings/4409185/images/1
4409259,https://api.naturemapr.org/api/sightings/4409259/images/1
4409258,https://api.naturemapr.org/api/sightings/4409258/images/1
4409256,https://api.naturemapr.org/api/sightings/4409256/images/1
4409255,https://api.naturemapr.org/api/sightings/4409255/images/1
4409171,https://api.naturemapr.org/api/sightings/4409171/images/1
4409168,https://api.naturemapr.org/api/sightings/4409168/images/1
4409156,https://api.naturemapr.org/api/sightings/4409156/images/1
4409217,https://api.naturemapr.org/api/sightings/4409217/images/1
4409218,https://api.naturemapr.org/api/sightings/4409218/images/1
4409210,https://api.naturemapr.org/api/sightings/4409210/images/1
4409219,https://api.naturemapr.org/api/sightings/4409219/images/1
4409214,https://api.naturemapr.org/api/sightings/4409214/images/1
4409226,https://api.naturemapr.org/api/sightings/4409226/images/1
4409234,https://api.naturemapr.org/api/sightings/4409234/images/1
4409235,https://api.naturemapr.org/api/sightings/4409235/images/1
4409236,https://api.naturemapr.org/api/sightings/4409236/images/1
4409229,https://api.naturemapr.org/api/sightings/4409229/images/1
4409211,https://api.naturemapr.org/api/sightings/4409211/images/1
4409231,https://api.naturemapr.org/api/sightings/4409231/images/1
4409232,https://api.naturemapr.org/api/sightings/4409232/images/1
4409276,https://api.naturemapr.org/api/sightings/4409276/images/1
4409275,https://api.naturemapr.org/api/sightings/4409275/images/1
4409157,https://api.naturemapr.org/api/sightings/4409157/images/1
4409274,https://api.naturemapr.org/api/sightings/4409274/images/1
4409137,https://api.naturemapr.org/api/sightings/4409137/images/1
4409273,https://api.naturemapr.org/api/sightings/4409273/images/1
4409167,https://api.naturemapr.org/api/sightings/4409167/images/1
4409165,https://api.naturemapr.org/api/sightings/4409165/images/1
4409339,https://api.naturemapr.org/api/sightings/4409339/images/1
4409164,https://api.naturemapr.org/api/sightings/4409164/images/1
4409272,https://api.naturemapr.org/api/sightings/4409272/images/1
4409163,https://api.naturemapr.org/api/sightings/4409163/images/1
4409170,https://api.naturemapr.org/api/sightings/4409170/images/1
4409393,https://api.naturemapr.org/api/sightings/4409393/images/1
4409158,https://api.naturemapr.org/api/sightings/4409158/images/1
4409145,https://api.naturemapr.org/api/sightings/4409145/images/1
4409143,https://api.naturemapr.org/api/sightings/4409143/images/1
4409140,https://api.naturemapr.org/api/sightings/4409140/images/1
4409144,https://api.naturemapr.org/api/sightings/4409144/images/1
4409136,https://api.naturemapr.org/api/sightings/4409136/images/1
4409109,https://api.naturemapr.org/api/sightings/4409109/images/1
4409131,https://api.naturemapr.org/api/sightings/4409131/images/1
4409133,https://api.naturemapr.org/api/sightings/4409133/images/1
4409134,https://api.naturemapr.org/api/sightings/4409134/images/1
4409028,https://api.naturemapr.org/api/sightings/4409028/images/1
4409026,https://api.naturemapr.org/api/sightings/4409026/images/1
4409184,https://api.naturemapr.org/api/sightings/4409184/images/1
4409178,https://api.naturemapr.org/api/sightings/4409178/images/1
4409181,https://api.naturemapr.org/api/sightings/4409181/images/1
4409176,https://api.naturemapr.org/api/sightings/4409176/images/1
4409019,https://api.naturemapr.org/api/sightings/4409019/images/1
4409020,https://api.naturemapr.org/api/sightings/4409020/images/1
4409021,https://api.naturemapr.org/api/sightings/4409021/images/1
4409022,https://api.naturemapr.org/api/sightings/4409022/images/1
4409146,https://api.naturemapr.org/api/sightings/4409146/images/1
4409149,https://api.naturemapr.org/api/sightings/4409149/images/1
4409027,https://api.naturemapr.org/api/sightings/4409027/images/1
4409015,https://api.naturemapr.org/api/sightings/4409015/images/1
4409023,https://api.naturemapr.org/api/sightings/4409023/images/1
4409013,https://api.naturemapr.org/api/sightings/4409013/images/1
4409031,https://api.naturemapr.org/api/sightings/4409031/images/1
4409032,https://api.naturemapr.org/api/sightings/4409032/images/1
4409115,https://api.naturemapr.org/api/sightings/4409115/images/1
4409114,https://api.naturemapr.org/api/sightings/4409114/images/1
4409116,https://api.naturemapr.org/api/sightings/4409116/images/1
4409069,https://api.naturemapr.org/api/sightings/4409069/images/1
4409113,https://api.naturemapr.org/api/sightings/4409113/images/1
4409112,https://api.naturemapr.org/api/sightings/4409112/images/1
4409111,https://api.naturemapr.org/api/sightings/4409111/images/1
4409110,https://api.naturemapr.org/api/sightings/4409110/images/1
4409108,https://api.naturemapr.org/api/sightings/4409108/images/1
4409005,https://api.naturemapr.org/api/sightings/4409005/images/1
4409106,https://api.naturemapr.org/api/sightings/4409106/images/1
4409004,https://api.naturemapr.org/api/sightings/4409004/images/1
4408965,https://api.naturemapr.org/api/sightings/4408965/images/1
4409104,https://api.naturemapr.org/api/sightings/4409104/images/1
4409099,https://api.naturemapr.org/api/sightings/4409099/images/1
4409003,https://api.naturemapr.org/api/sightings/4409003/images/1
4409098,https://api.naturemapr.org/api/sightings/4409098/images/1
4409096,https://api.naturemapr.org/api/sightings/4409096/images/1
4409094,https://api.naturemapr.org/api/sightings/4409094/images/1
4409000,https://api.naturemapr.org/api/sightings/4409000/images/1
4408999,https://api.naturemapr.org/api/sightings/4408999/images/1
4408998,https://api.naturemapr.org/api/sightings/4408998/images/1
4408997,https://api.naturemapr.org/api/sightings/4408997/images/1
4409090,https://api.naturemapr.org/api/sightings/4409090/images/1
4409411,https://api.naturemapr.org/api/sightings/4409411/images/2
4409410,https://api.naturemapr.org/api/sightings/4409410/images/2
4409409,https://api.naturemapr.org/api/sightings/4409409/images/2
4409405,https://api.naturemapr.org/api/sightings/4409405/images/2
4409446,https://api.naturemapr.org/api/sightings/4409446/images/2
4409440,https://api.naturemapr.org/api/sightings/4409440/images/2
4409205,https://api.naturemapr.org/api/sightings/4409205/images/2
4409206,https://api.naturemapr.org/api/sightings/4409206/images/2
4409260,https://api.naturemapr.org/api/sightings/4409260/images/2
4409162,https://api.naturemapr.org/api/sightings/4409162/images/2
4409187,https://api.naturemapr.org/api/sightings/4409187/images/2
4409185,https://api.naturemapr.org/api/sightings/4409185/images/2
4409259,https://api.naturemapr.org/api/sightings/4409259/images/2
4409256,https://api.naturemapr.org/api/sightings/4409256/images/2
4409255,https://api.naturemapr.org/api/sightings/4409255/images/2
4409171,https://api.naturemapr.org/api/sightings/4409171/images/2
4409168,https://api.naturemapr.org/api/sightings/4409168/images/2
4409156,https://api.naturemapr.org/api/sightings/4409156/images/2
4409210,https://api.naturemapr.org/api/sightings/4409210/images/2
4409226,https://api.naturemapr.org/api/sightings/4409226/images/2
4409236,https://api.naturemapr.org/api/sightings/4409236/images/2
4409229,https://api.naturemapr.org/api/sightings/4409229/images/2
4409211,https://api.naturemapr.org/api/sightings/4409211/images/2
4409231,https://api.naturemapr.org/api/sightings/4409231/images/2
4409232,https://api.naturemapr.org/api/sightings/4409232/images/2
4409157,https://api.naturemapr.org/api/sightings/4409157/images/2
4409274,https://api.naturemapr.org/api/sightings/4409274/images/2
4409137,https://api.naturemapr.org/api/sightings/4409137/images/2
4409167,https://api.naturemapr.org/api/sightings/4409167/images/2
4409165,https://api.naturemapr.org/api/sightings/4409165/images/2
4409339,https://api.naturemapr.org/api/sightings/4409339/images/2
4409272,https://api.naturemapr.org/api/sightings/4409272/images/2
4409163,https://api.naturemapr.org/api/sightings/4409163/images/2
4409170,https://api.naturemapr.org/api/sightings/4409170/images/2
4409393,https://api.naturemapr.org/api/sightings/4409393/images/2
4409158,https://api.naturemapr.org/api/sightings/4409158/images/2
4409143,https://api.naturemapr.org/api/sightings/4409143/images/2
4409136,https://api.naturemapr.org/api/sightings/4409136/images/2
4409109,https://api.naturemapr.org/api/sightings/4409109/images/2
4409133,https://api.naturemapr.org/api/sightings/4409133/images/2
4409028,https://api.naturemapr.org/api/sightings/4409028/images/2
4409026,https://api.naturemapr.org/api/sightings/4409026/images/2
4409184,https://api.naturemapr.org/api/sightings/4409184/images/2
4409181,https://api.naturemapr.org/api/sightings/4409181/images/2
4409176,https://api.naturemapr.org/api/sightings/4409176/images/2
4409019,https://api.naturemapr.org/api/sightings/4409019/images/2
4409020,https://api.naturemapr.org/api/sightings/4409020/images/2
4409021,https://api.naturemapr.org/api/sightings/4409021/images/2
4409022,https://api.naturemapr.org/api/sightings/4409022/images/2
4409146,https://api.naturemapr.org/api/sightings/4409146/images/2
4409027,https://api.naturemapr.org/api/sightings/4409027/images/2
4409015,https://api.naturemapr.org/api/sightings/4409015/images/2
4409013,https://api.naturemapr.org/api/sightings/4409013/images/2
4409031,https://api.naturemapr.org/api/sightings/4409031/images/2
4409032,https://api.naturemapr.org/api/sightings/4409032/images/2
4409115,https://api.naturemapr.org/api/sightings/4409115/images/2
4409114,https://api.naturemapr.org/api/sightings/4409114/images/2
4409116,https://api.naturemapr.org/api/sightings/4409116/images/2
4409069,https://api.naturemapr.org/api/sightings/4409069/images/2
4409113,https://api.naturemapr.org/api/sightings/4409113/images/2
4409112,https://api.naturemapr.org/api/sightings/4409112/images/2
4409110,https://api.naturemapr.org/api/sightings/4409110/images/2
4409108,https://api.naturemapr.org/api/sightings/4409108/images/2
4409005,https://api.naturemapr.org/api/sightings/4409005/images/2
4409106,https://api.naturemapr.org/api/sightings/4409106/images/2
4409004,https://api.naturemapr.org/api/sightings/4409004/images/2
4408965,https://api.naturemapr.org/api/sightings/4408965/images/2
4409104,https://api.naturemapr.org/api/sightings/4409104/images/2
4409099,https://api.naturemapr.org/api/sightings/4409099/images/2
4409003,https://api.naturemapr.org/api/sightings/4409003/images/2
4409098,https://api.naturemapr.org/api/sightings/4409098/images/2
4409096,https://api.naturemapr.org/api/sightings/4409096/images/2
4409094,https://api.naturemapr.org/api/sightings/4409094/images/2
4409000,https://api.naturemapr.org/api/sightings/4409000/images/2
4408999,https://api.naturemapr.org/api/sightings/4408999/images/2
4408998,https://api.naturemapr.org/api/sightings/4408998/images/2
4408997,https://api.naturemapr.org/api/sightings/4408997/images/2
4409090,https://api.naturemapr.org/api/sightings/4409090/images/2
4409411,https://api.naturemapr.org/api/sightings/4409411/images/3
4409410,https://api.naturemapr.org/api/sightings/4409410/images/3
4409409,https://api.naturemapr.org/api/sightings/4409409/images/3
4409405,https://api.naturemapr.org/api/sightings/4409405/images/3
4409446,https://api.naturemapr.org/api/sightings/4409446/images/3
4409260,https://api.naturemapr.org/api/sightings/4409260/images/3
4409162,https://api.naturemapr.org/api/sightings/4409162/images/3
4409259,https://api.naturemapr.org/api/sightings/4409259/images/3
4409256,https://api.naturemapr.org/api/sightings/4409256/images/3
4409255,https://api.naturemapr.org/api/sightings/4409255/images/3
4409171,https://api.naturemapr.org/api/sightings/4409171/images/3
4409168,https://api.naturemapr.org/api/sightings/4409168/images/3
4409210,https://api.naturemapr.org/api/sightings/4409210/images/3
4409226,https://api.naturemapr.org/api/sightings/4409226/images/3
4409229,https://api.naturemapr.org/api/sightings/4409229/images/3
4409231,https://api.naturemapr.org/api/sightings/4409231/images/3
4409274,https://api.naturemapr.org/api/sightings/4409274/images/3
4409167,https://api.naturemapr.org/api/sightings/4409167/images/3
4409339,https://api.naturemapr.org/api/sightings/4409339/images/3
4409272,https://api.naturemapr.org/api/sightings/4409272/images/3
4409170,https://api.naturemapr.org/api/sightings/4409170/images/3
4409393,https://api.naturemapr.org/api/sightings/4409393/images/3
4409158,https://api.naturemapr.org/api/sightings/4409158/images/3
4409026,https://api.naturemapr.org/api/sightings/4409026/images/3
4409184,https://api.naturemapr.org/api/sightings/4409184/images/3
4409176,https://api.naturemapr.org/api/sightings/4409176/images/3
4409019,https://api.naturemapr.org/api/sightings/4409019/images/3
4409020,https://api.naturemapr.org/api/sightings/4409020/images/3
4409021,https://api.naturemapr.org/api/sightings/4409021/images/3
4409022,https://api.naturemapr.org/api/sightings/4409022/images/3
4409146,https://api.naturemapr.org/api/sightings/4409146/images/3
4409013,https://api.naturemapr.org/api/sightings/4409013/images/3
4409031,https://api.naturemapr.org/api/sightings/4409031/images/3
4409032,https://api.naturemapr.org/api/sightings/4409032/images/3
4409115,https://api.naturemapr.org/api/sightings/4409115/images/3
4409114,https://api.naturemapr.org/api/sightings/4409114/images/3
4409116,https://api.naturemapr.org/api/sightings/4409116/images/3
4409113,https://api.naturemapr.org/api/sightings/4409113/images/3
4409112,https://api.naturemapr.org/api/sightings/4409112/images/3
4409110,https://api.naturemapr.org/api/sightings/4409110/images/3
4409108,https://api.naturemapr.org/api/sightings/4409108/images/3
4409005,https://api.naturemapr.org/api/sightings/4409005/images/3
4409106,https://api.naturemapr.org/api/sightings/4409106/images/3
4408965,https://api.naturemapr.org/api/sightings/4408965/images/3
4409104,https://api.naturemapr.org/api/sightings/4409104/images/3
4409099,https://api.naturemapr.org/api/sightings/4409099/images/3
4409003,https://api.naturemapr.org/api/sightings/4409003/images/3
4409098,https://api.naturemapr.org/api/sightings/4409098/images/3
4409096,https://api.naturemapr.org/api/sightings/4409096/images/3
4409000,https://api.naturemapr.org/api/sightings/4409000/images/3
4408999,https://api.naturemapr.org/api/sightings/4408999/images/3
4408998,https://api.naturemapr.org/api/sightings/4408998/images/3
4408997,https://api.naturemapr.org/api/sightings/4408997/images/3
4409090,https://api.naturemapr.org/api/sightings/4409090/images/3
4409446,https://api.naturemapr.org/api/sightings/4409446/images/4
4409260,https://api.naturemapr.org/api/sightings/4409260/images/4
4409162,https://api.naturemapr.org/api/sightings/4409162/images/4
4409255,https://api.naturemapr.org/api/sightings/4409255/images/4
4409226,https://api.naturemapr.org/api/sightings/4409226/images/4
4409229,https://api.naturemapr.org/api/sightings/4409229/images/4
4409231,https://api.naturemapr.org/api/sightings/4409231/images/4
4409274,https://api.naturemapr.org/api/sightings/4409274/images/4
4409167,https://api.naturemapr.org/api/sightings/4409167/images/4
4409339,https://api.naturemapr.org/api/sightings/4409339/images/4
4409272,https://api.naturemapr.org/api/sightings/4409272/images/4
4409176,https://api.naturemapr.org/api/sightings/4409176/images/4
4409019,https://api.naturemapr.org/api/sightings/4409019/images/4
4409021,https://api.naturemapr.org/api/sightings/4409021/images/4
4409031,https://api.naturemapr.org/api/sightings/4409031/images/4
4409115,https://api.naturemapr.org/api/sightings/4409115/images/4
4409114,https://api.naturemapr.org/api/sightings/4409114/images/4
4409116,https://api.naturemapr.org/api/sightings/4409116/images/4
4409110,https://api.naturemapr.org/api/sightings/4409110/images/4
4409108,https://api.naturemapr.org/api/sightings/4409108/images/4
4409106,https://api.naturemapr.org/api/sightings/4409106/images/4
4408965,https://api.naturemapr.org/api/sightings/4408965/images/4
4409104,https://api.naturemapr.org/api/sightings/4409104/images/4
4409099,https://api.naturemapr.org/api/sightings/4409099/images/4
4409003,https://api.naturemapr.org/api/sightings/4409003/images/4
4409000,https://api.naturemapr.org/api/sightings/4409000/images/4
4408999,https://api.naturemapr.org/api/sightings/4408999/images/4
4408998,https://api.naturemapr.org/api/sightings/4408998/images/4
4408997,https://api.naturemapr.org/api/sightings/4408997/images/4
4409090,https://api.naturemapr.org/api/sightings/4409090/images/4
4409260,https://api.naturemapr.org/api/sightings/4409260/images/4
4409226,https://api.naturemapr.org/api/sightings/4409226/images/4
4409229,https://api.naturemapr.org/api/sightings/4409229/images/4
4409231,https://api.naturemapr.org/api/sightings/4409231/images/4
4409274,https://api.naturemapr.org/api/sightings/4409274/images/4
4409339,https://api.naturemapr.org/api/sightings/4409339/images/4
4409272,https://api.naturemapr.org/api/sightings/4409272/images/4
4409019,https://api.naturemapr.org/api/sightings/4409019/images/4
4409021,https://api.naturemapr.org/api/sightings/4409021/images/4
4409031,https://api.naturemapr.org/api/sightings/4409031/images/4
4409115,https://api.naturemapr.org/api/sightings/4409115/images/4
4409114,https://api.naturemapr.org/api/sightings/4409114/images/4
4409116,https://api.naturemapr.org/api/sightings/4409116/images/4
4409003,https://api.naturemapr.org/api/sightings/4409003/images/4
4409000,https://api.naturemapr.org/api/sightings/4409000/images/4
4408998,https://api.naturemapr.org/api/sightings/4408998/images/4
4408997,https://api.naturemapr.org/api/sightings/4408997/images/4
4409090,https://api.naturemapr.org/api/sightings/4409090/images/4
